Cabildo,Buenos Aires,Argentina,None,/worldclock/@3863596,36.11988697067231,57.5,23.0,14.98,78,9,29.99,6,-34.6087392,-58.3737862
Cacharí,Buenos Aires,Argentina,None,/worldclock/@3435857,36.819825318623366,57.5,27.0,29.45,70,8,30.0,10,-36.3797013,-59.50296
Campos Salles,Buenos Aires,Argentina,None,/worldclock/@3863016,8.12954420004078,66.0,26.0,12.34,74,8,29.96,7,-34.5498362,-58.4614424
Casbas,Buenos Aires,Argentina,None,/worldclock/@3862373,68.45368277721924,61.0,28.0,11.37,63,7,29.96,15,-36.7590314,-62.50177829999999
Chapadmalal,Buenos Aires,Argentina,None,/worldclock/@3435465,36.11988697067231,57.5,23.0,14.98,78,9,29.99,6,-38.173056,-57.65194400000001
Chillar,Buenos Aires,Argentina,None,/worldclock/@3435417,36.819825318623366,57.5,27.0,29.45,70,8,30.0,10,-37.3128384,-59.98525650000001
Claromecó,Buenos Aires,Argentina,None,/worldclock/@3864887,36.819825318623366,57.5,27.0,29.45,70,8,30.0,10,-38.8553243,-60.074066
Comandante Nicanor Otamendi,Buenos Aires,Argentina,None,/worldclock/@3435280,36.11988697067231,57.5,23.0,14.98,78,9,29.99,6,-38.1105162,-57.84115239999999
Costa Azul,Buenos Aires,Argentina,None,/worldclock/@11054913,36.11988697067231,57.5,23.0,14.98,78,9,29.99,6,-36.6715028,-56.680823
Costa Chica,Buenos Aires,Argentina,None,/worldclock/@8014949,36.11988697067231,57.5,23.0,14.98,78,9,29.99,6,-36.5098214,-56.6998519
Costa del Este,Buenos Aires,Argentina,None,/worldclock/argentina/mar-del-plata,36.11988697067231,57.5,23.0,14.98,78,9,29.99,6,-36.6087864,-56.68802280000001
Darregueira,Buenos Aires,Argentina,None,/worldclock/@3859522,36.11988697067231,57.5,23.0,14.98,78,9,29.99,6,-37.6893359,-63.1609664
Dudignac,Buenos Aires,Argentina,None,/worldclock/@3859102,35.666844683813586,61.5,25.0,16.32,72,8,29.96,7,-35.6502564,-60.70956890000001
El Remanso,Buenos Aires,Argentina,None,/worldclock/@11147619,12.698319854817157,64.5,23.0,13.77,72,10,29.99,6,-34.6185099,-58.3765249
Empalme Lobos,Buenos Aires,Argentina,None,/worldclock/@3434158,12.698319854817157,64.5,23.0,13.77,72,10,29.99,6,-35.151613,-59.0911545
General Mansilla,Buenos Aires,Argentina,None,/worldclock/@3433791,35.6332859958981,63.0,26.0,14.46,73,8,29.99,6,-35.0797067,-57.74700989999999
General Rojo,Buenos Aires,Argentina,None,/worldclock/@3855059,8.12954420004078,66.0,26.0,12.34,74,8,29.96,7,-33.4740675,-60.28813169999999
Gobernador Castro,Buenos Aires,Argentina,None,/worldclock/@3433756,8.12954420004078,66.0,26.0,12.34,74,8,29.96,7,-33.6589312,-59.8685346
Henderson,Buenos Aires,Argentina,None,/worldclock/@3854359,35.666844683813586,61.5,25.0,16.32,72,8,29.96,7,-36.2981457,-61.7184579
Hilario Ascasubi,Buenos Aires,Argentina,None,/worldclock/@3854294,36.11988697067231,57.5,23.0,14.98,78,9,29.99,6,-39.3760529,-62.64558030000001
Hinojo,Buenos Aires,Argentina,None,/worldclock/@3860778,36.819825318623366,57.5,27.0,29.45,70,8,30.0,10,-36.8666571,-60.1678037
Ingeniero White,Buenos Aires,Argentina,None,/worldclock/@3853773,36.11988697067231,57.5,23.0,14.98,78,9,29.99,6,-38.784481,-62.26776119999999
Jeppener,Buenos Aires,Argentina,None,/worldclock/@3433340,12.698319854817157,64.5,23.0,13.77,72,10,29.99,6,-35.2796899,-58.1977981
Juan Bautista Alberdi,Buenos Aires,Argentina,None,/worldclock/@3433311,12.698319854817157,64.5,23.0,13.77,72,10,29.99,6,-34.6364736,-58.4773686
Juan José Paso,Buenos Aires,Argentina,None,/worldclock/@3853423,35.666844683813586,61.5,25.0,16.32,72,8,29.96,7,-35.8523042,-62.29729459999999
La Dulce,Buenos Aires,Argentina,None,/worldclock/argentina/la-plata,35.6332859958981,63.0,26.0,14.46,73,8,29.99,6,-38.2837605,-59.203163
La Lonja,Buenos Aires,Argentina,None,/worldclock/argentina/la-plata,35.6332859958981,63.0,26.0,14.46,73,8,29.99,6,-34.452082,-58.8376156
Las Toninas,Buenos Aires,Argentina,None,/worldclock/@3431608,36.11988697067231,57.5,23.0,14.98,78,9,29.99,6,-36.4870244,-56.6931113
Leandro N. Alem,Buenos Aires,Argentina,None,/worldclock/@3847099,35.666844683813586,61.5,25.0,16.32,72,8,29.96,7,-34.5195144,-61.39135659999999
Loma Negra,Buenos Aires,Argentina,None,/worldclock/@3846684,36.819825318623366,57.5,27.0,29.45,70,8,30.0,10,-34.2096882,-60.7283462
Los Cardales,Buenos Aires,Argentina,None,/worldclock/@11149586,12.698319854817157,64.5,23.0,13.77,72,10,29.99,6,-34.3283474,-58.9866859
Mar de Ajó,Buenos Aires,Argentina,None,/worldclock/@3430866,36.11988697067231,57.5,23.0,14.98,78,9,29.99,6,-36.7232497,-56.6750185
Mayor Buratovich,Buenos Aires,Argentina,None,/worldclock/@3844644,36.11988697067231,57.5,23.0,14.98,78,9,29.99,6,-39.26116080000001,-62.6106831
Moquehuá,Buenos Aires,Argentina,None,/worldclock/@3430568,35.666844683813586,61.5,25.0,16.32,72,8,29.96,7,-35.0900903,-59.7743765
Norberto de la Riestra,Buenos Aires,Argentina,None,/worldclock/@3430409,35.666844683813586,61.5,25.0,16.32,72,8,29.96,7,-35.2732846,-59.7755179
Open Door,Buenos Aires,Argentina,None,/worldclock/@3430287,12.698319854817157,64.5,23.0,13.77,72,10,29.99,6,-34.49112,-59.07522409999999
Orense,Buenos Aires,Argentina,None,/worldclock/@3436167,36.819825318623366,57.5,27.0,29.45,70,8,30.0,10,-38.6882636,-59.7807589
Ostende,Buenos Aires,Argentina,None,/worldclock/@3430272,36.11988697067231,57.5,23.0,14.98,78,9,29.99,6,-37.1250381,-56.8838234
Parada Robles,Buenos Aires,Argentina,None,/worldclock/@11147617,12.698319854817157,64.5,23.0,13.77,72,10,29.99,6,-34.3727292,-59.12725820000001
Pedro Luro,Buenos Aires,Argentina,None,/worldclock/@3841684,36.11988697067231,57.5,23.0,14.98,78,9,29.99,6,-39.5027145,-62.68694929999999
Piedritas,Buenos Aires,Argentina,None,/worldclock/@3431632,36.11988697067231,57.5,23.0,14.98,78,9,29.99,6,-34.767335,-62.985552
Rawson,Buenos Aires,Argentina,None,/worldclock/@3839308,35.666844683813586,61.5,25.0,16.32,72,8,29.96,7,-34.6075488,-60.0666631
Rivera,Buenos Aires,Argentina,None,/worldclock/@3838740,36.11988697067231,57.5,23.0,14.98,78,9,29.99,6,-37.1605336,-63.24179
Roberts,Buenos Aires,Argentina,None,/worldclock/@3838730,35.666844683813586,61.5,25.0,16.32,72,8,29.96,7,-35.1431693,-61.9703534
Saavedra,Buenos Aires,Argentina,None,/worldclock/@11149595,12.698319854817157,64.5,23.0,13.77,72,10,29.99,6,-34.554242,-58.4915489
Santa Clara del Mar,Buenos Aires,Argentina,None,/worldclock/argentina/mar-del-plata,36.11988697067231,57.5,23.0,14.98,78,9,29.99,6,-37.8371353,-57.5021095
Santa Teresita,Buenos Aires,Argentina,None,/worldclock/@3435756,36.819825318623366,57.5,27.0,29.45,70,8,30.0,10,-36.5440512,-56.6903929
Sierra Chica,Buenos Aires,Argentina,None,/worldclock/@3835305,36.819825318623366,57.5,27.0,29.45,70,8,30.0,10,-36.8444328,-60.2298092
Sierra de la Ventana,Buenos Aires,Argentina,None,/worldclock/@3833041,36.11988697067231,57.5,23.0,14.98,78,9,29.99,6,-38.139328,-61.7941399
Sierra de los Padres,Buenos Aires,Argentina,None,/worldclock/@3427958,36.11988697067231,57.5,23.0,14.98,78,9,29.99,6,-37.9474256,-57.7778205
Sierras Bayas,Buenos Aires,Argentina,None,/worldclock/@3864550,36.819825318623366,57.5,27.0,29.45,70,8,30.0,10,-36.9366888,-60.1561645
Torres,Buenos Aires,Argentina,None,/worldclock/@3427689,12.698319854817157,64.5,23.0,13.77,72,10,29.99,6,-34.4304108,-59.1276324
Treinta de Agosto,Buenos Aires,Argentina,None,/worldclock/@3833892,68.45368277721924,61.0,28.0,11.37,63,7,29.96,15,-36.275509,-62.549339
Tres Algarrobos,Buenos Aires,Argentina,None,/worldclock/@3833870,35.666844683813586,61.5,25.0,16.32,72,8,29.96,7,-35.1955715,-62.7742588
Urdampilleta,Buenos Aires,Argentina,None,/worldclock/@3833400,35.666844683813586,61.5,25.0,16.32,72,8,29.96,7,-36.4294744,-61.42132429999999
Valeria del Mar,Buenos Aires,Argentina,None,/worldclock/argentina/mar-del-plata,36.11988697067231,57.5,23.0,14.98,78,9,29.99,6,-37.1450559,-56.8804518
Villa Arcadia,Buenos Aires,Argentina,None,/worldclock/@3832808,36.11988697067231,57.5,23.0,14.98,78,9,29.99,6,-37.466667,-61.933333
Villa Cacique,Buenos Aires,Argentina,None,/worldclock/@3427444,36.819825318623366,57.5,27.0,29.45,70,8,30.0,10,-37.6787145,-59.39583200000001
Villa Espora,Buenos Aires,Argentina,None,/worldclock/@3832747,36.11988697067231,57.5,23.0,14.98,78,9,29.99,6,-38.73283,-62.1593552
Villalonga,Buenos Aires,Argentina,None,/worldclock/@3832702,64.25165564037613,58.5,27.0,4.44,60,13,29.92,17,-39.9141458,-62.61983909999999
Andalgalá,Catamarca,Argentina,None,/worldclock/@3865802,41.3598363837579,68.0,30.0,4.65,57,5,29.84,11,-27.5827186,-66.3148915
Casa de Piedra,Catamarca,Argentina,None,/worldclock/@3862427,31.92025688296599,68.5,23.0,31.3,67,7,29.88,6,-29.6033535,-65.5182438
Chumbicha,Catamarca,Argentina,None,/worldclock/@3861217,41.3598363837579,68.0,30.0,4.65,57,5,29.84,11,-28.8581402,-66.23105869999999
Fiambalá,Catamarca,Argentina,None,/worldclock/@3855588,41.3598363837579,68.0,30.0,4.65,57,5,29.84,11,-27.68933,-67.6193274
Huillapima,Catamarca,Argentina,None,/worldclock/@3853981,41.3598363837579,68.0,30.0,4.65,57,5,29.84,11,-28.7258858,-65.9780387
La Puntilla,Catamarca,Argentina,None,/worldclock/@3849182,41.3598363837579,68.0,30.0,4.65,57,5,29.84,11,-28.1282329,-67.4937432
La Ramadita,Catamarca,Argentina,None,/worldclock/@3849104,41.3598363837579,68.0,30.0,4.65,57,5,29.84,11,-27.6333294,-67.6333313
Londres,Catamarca,Argentina,None,/worldclock/@3846616,41.3598363837579,68.0,30.0,4.65,57,5,29.84,11,-27.7128196,-67.1361095
Los Altos,Catamarca,Argentina,None,/worldclock/@3846515,41.3598363837579,68.0,30.0,4.65,57,5,29.84,11,-28.0477257,-65.5009598
San José,Catamarca,Argentina,None,/worldclock/argentina/catamarca,41.3598363837579,68.0,30.0,4.65,57,5,29.84,11,-28.3885592,-65.7037945
San José Norte,Catamarca,Argentina,None,/worldclock/argentina/catamarca,41.3598363837579,68.0,30.0,4.65,57,5,29.84,11,-31.5221782,-68.531448
San José Villa,Catamarca,Argentina,None,/worldclock/argentina/catamarca,41.3598363837579,68.0,30.0,4.65,57,5,29.84,11,-26.8007126,-66.0701921
Saujil,Catamarca,Argentina,None,/worldclock/@3835612,41.3598363837579,68.0,30.0,4.65,57,5,29.84,11,-28.1733091,-66.2117227
Tinogasta,Catamarca,Argentina,None,/worldclock/@3834360,41.3598363837579,68.0,30.0,4.65,57,5,29.84,11,-27.4154323,-67.95236299999999
Avia Terai,Chaco,Argentina,None,/worldclock/@3865186,2.6522869224101506,70.5,21.0,19.82,75,6,29.91,7,-26.686622,-60.7280801
Campo Largo,Chaco,Argentina,None,/worldclock/@3863095,2.6522869224101506,70.5,21.0,19.82,75,6,29.91,7,-26.8006989,-60.84173509999999
Charata,Chaco,Argentina,None,/worldclock/@3861678,2.6522869224101506,70.5,21.0,19.82,75,6,29.91,7,-27.2179902,-61.18736169999999
Colonia Elisa,Chaco,Argentina,None,/worldclock/@3435330,2.6522869224101506,70.5,21.0,19.82,75,6,29.91,7,-26.931762,-59.5181513
Colonias Unidas,Chaco,Argentina,None,/worldclock/@3435295,2.6522869224101506,70.5,21.0,19.82,75,6,29.91,7,-26.6983181,-59.63009
Coronel Du Graty,Chaco,Argentina,None,/worldclock/@3860197,2.6522869224101506,70.5,21.0,19.82,75,6,29.91,7,-27.6853714,-60.9086075
Corzuela,Chaco,Argentina,None,/worldclock/@3859974,2.6522869224101506,70.5,21.0,19.82,75,6,29.91,7,-26.9535135,-60.9682706
Gancedo,Chaco,Argentina,None,/worldclock/@3855237,38.22209906366227,68.0,26.0,8.45,63,6,29.88,10,-27.4886171,-61.6749147
General Pinedo,Chaco,Argentina,None,/worldclock/@3855074,2.6522869224101506,70.5,21.0,19.82,75,6,29.91,7,-27.3245762,-61.2813451
Hermoso Campo,Chaco,Argentina,None,/worldclock/@3854336,2.6522869224101506,70.5,21.0,19.82,75,6,29.91,7,-27.6082718,-61.3446846
Horquilla,Chaco,Argentina,None,/worldclock/@3433530,2.6522869224101506,70.5,21.0,19.82,75,6,29.91,7,-27.5420319,-59.9555399
Juan José Castelli,Chaco,Argentina,None,/worldclock/@3853424,2.6522869224101506,70.5,21.0,19.82,75,6,29.91,7,-25.947088,-60.61983970000001
La Clotilde,Chaco,Argentina,None,/worldclock/@3851993,2.6522869224101506,70.5,21.0,19.82,75,6,29.91,7,-27.177792,-60.6303552
La Escondida,Chaco,Argentina,None,/worldclock/@3432653,2.6522869224101506,70.5,21.0,19.82,75,6,29.91,7,-27.1039533,-59.44595009999999
La Leonesa,Chaco,Argentina,None,/worldclock/@3432355,2.6522869224101506,70.5,21.0,19.82,75,6,29.91,7,-27.0421005,-58.70538999999999
La Verde,Chaco,Argentina,None,/worldclock/@3431460,2.6522869224101506,70.5,21.0,19.82,75,6,29.91,7,-27.1227895,-59.37822949999999
Las Garcitas,Chaco,Argentina,None,/worldclock/@3431777,2.6522869224101506,70.5,21.0,19.82,75,6,29.91,7,-26.6175328,-59.8011023
Las Palmas,Chaco,Argentina,None,/worldclock/@3431658,2.6522869224101506,70.5,21.0,19.82,75,6,29.91,7,-27.050733,-58.6776801
Los Frentones,Chaco,Argentina,None,/worldclock/@3846175,2.6522869224101506,70.5,21.0,19.82,75,6,29.91,7,-26.4117032,-61.4155931
Machagai,Chaco,Argentina,None,/worldclock/@3845330,2.6522869224101506,70.5,21.0,19.82,75,6,29.91,7,-26.9260113,-60.04843589999999
Makallé,Chaco,Argentina,None,/worldclock/@3430943,2.6522869224101506,70.5,21.0,19.82,75,6,29.91,7,-27.2079762,-59.2888427
Napenay,Chaco,Argentina,None,/worldclock/@3843436,2.6522869224101506,70.5,21.0,19.82,75,6,29.91,7,-26.7299133,-60.6174431
Pampa del Indio,Chaco,Argentina,None,/worldclock/@3430180,2.64269872586286,73.0,20.0,22.07,74,9,29.88,8,-26.0479545,-59.941624
Pampa del Infierno,Chaco,Argentina,None,/worldclock/@3853805,2.6522869224101506,70.5,21.0,19.82,75,6,29.91,7,-26.5079857,-61.17573549999999
Presidencia de la Plaza,Chaco,Argentina,None,/worldclock/@3429865,2.6522869224101506,70.5,21.0,19.82,75,6,29.91,7,-27.0033832,-59.8456905
Presidencia Roca,Chaco,Argentina,None,/worldclock/@3429864,2.64269872586286,73.0,20.0,22.07,74,9,29.88,8,-26.142028,-59.595786
Puerto Bermejo,Chaco,Argentina,None,/worldclock/@3429801,2.6522869224101506,70.5,21.0,19.82,75,6,29.91,7,-26.9284776,-58.5093208
Puerto Tirol,Chaco,Argentina,None,/worldclock/@3429721,2.6522869224101506,70.5,21.0,19.82,75,6,29.91,7,-27.3825467,-59.088123
Quitilipi,Chaco,Argentina,None,/worldclock/@3839489,2.6522869224101506,70.5,21.0,19.82,75,6,29.91,7,-26.8720031,-60.2211755
Santa Sylvina,Chaco,Argentina,None,/worldclock/@3835921,2.6522869224101506,70.5,21.0,19.82,75,6,29.91,7,-27.8315995,-61.1360334
Taco Pozo,Chaco,Argentina,None,/worldclock/@3834843,35.33844895206941,62.5,19.0,14.11,71,5,29.96,8,-25.6158794,-63.2679565
Tres Isletas,Chaco,Argentina,None,/worldclock/@3833794,2.6522869224101506,70.5,21.0,19.82,75,6,29.91,7,-26.3391973,-60.427214
Villa Berthet,Chaco,Argentina,None,/worldclock/@3832797,2.6522869224101506,70.5,21.0,19.82,75,6,29.91,7,-27.2893593,-60.4117462
Dolavon,Chubut,Argentina,None,/worldclock/@3859278,78.64353865783539,57.5,27.0,1.9,53,13,29.89,15,-43.3064962,-65.7076891
Gobernador Costa,Chubut,Argentina,None,/worldclock/@3854988,92.6758643047718,48.5,23.0,7.7,59,12,29.9,18,-44.0479337,-70.5993984
Lago Puelo,Chubut,Argentina,None,/worldclock/@3851100,92.6758643047718,48.5,23.0,7.7,59,12,29.9,18,-42.061269,-71.5971258
Trevelin,Chubut,Argentina,None,/worldclock/@3833675,92.6758643047718,48.5,23.0,7.7,59,12,29.9,18,-43.0888123,-71.4625883
Alvear,Corrientes,Argentina,None,/worldclock/@3436370,26.565249111313122,72.0,20.0,34.47,71,7,29.91,8,-29.08992989999999,-56.5448071
Bella Vista,Corrientes,Argentina,None,/worldclock/@3436065,26.565249111313122,72.0,20.0,34.47,71,7,29.91,8,-28.5066193,-59.04225529999999
Empedrado,Corrientes,Argentina,None,/worldclock/@3430323,2.6522869224101506,70.5,21.0,19.82,75,6,29.91,7,-27.952497,-58.80319209999999
Esquina,Corrientes,Argentina,None,/worldclock/@3434094,8.12954420004078,66.0,26.0,12.34,74,8,29.96,7,-30.0184837,-59.53140879999999
Gobernador Virasoro,Corrientes,Argentina,None,/worldclock/@3433753,26.565249111313122,72.0,20.0,34.47,71,7,29.91,8,-28.0543419,-56.0139884
Goya,Corrientes,Argentina,None,/worldclock/@3433714,2.6522869224101506,70.5,21.0,19.82,75,6,29.91,7,-29.1442242,-59.2643242
Itá Ibaté,Corrientes,Argentina,None,/worldclock/@3433373,26.565249111313122,72.0,20.0,34.47,71,7,29.91,8,-27.4279575,-57.3385696
Itatí,Corrientes,Argentina,None,/worldclock/@3433362,2.6522869224101506,70.5,21.0,19.82,75,6,29.91,7,-27.2699165,-58.2438316
Ituzaingó,Corrientes,Argentina,None,/worldclock/@3433357,26.565249111313122,72.0,20.0,34.47,71,7,29.91,8,-27.5884602,-56.69007819999999
La Cruz,Corrientes,Argentina,None,/worldclock/@3432760,26.565249111313122,72.0,20.0,34.47,71,7,29.91,8,-29.1783205,-56.63783309999999
Laguna Brava,Corrientes,Argentina,None,/worldclock/@3432471,2.6522869224101506,70.5,21.0,19.82,75,6,29.91,7,-27.4921242,-58.71590550000001
Lavalle,Corrientes,Argentina,None,/worldclock/@3431468,2.6522869224101506,70.5,21.0,19.82,75,6,29.91,7,-29.0283793,-59.18336369999999
Mburucuyá,Corrientes,Argentina,None,/worldclock/@3430759,2.6522869224101506,70.5,21.0,19.82,75,6,29.91,7,-28.0485138,-58.2251109
Mercedes,Corrientes,Argentina,None,/worldclock/@3430703,2.6522869224101506,70.5,21.0,19.82,75,6,29.91,7,-29.184582,-58.07357189999999
Mocoretá,Corrientes,Argentina,None,/worldclock/@3430647,41.53482097074567,65.5,25.0,38.54,69,7,29.97,9,-30.6184898,-57.97528119999999
Nueve de Julio,Corrientes,Argentina,None,/worldclock/@3430383,2.6522869224101506,70.5,21.0,19.82,75,6,29.91,7,-28.8405292,-58.83039289999999
Paso de la Patria,Corrientes,Argentina,None,/worldclock/@3430105,2.6522869224101506,70.5,21.0,19.82,75,6,29.91,7,-27.3148011,-58.56364680000001
Saladas,Corrientes,Argentina,None,/worldclock/@3429402,2.6522869224101506,70.5,21.0,19.82,75,6,29.91,7,-28.2557422,-58.62335659999999
San Carlos,Corrientes,Argentina,None,/worldclock/@3429207,2.6522869224101506,70.5,21.0,19.82,75,6,29.91,7,-27.745135,-55.898368
San Cosme,Corrientes,Argentina,None,/worldclock/@3429156,2.6522869224101506,70.5,21.0,19.82,75,6,29.91,7,-27.371513,-58.5109636
San Luis del Palmar,Corrientes,Argentina,None,/worldclock/@3428707,2.6522869224101506,70.5,21.0,19.82,75,6,29.91,7,-27.5119817,-58.5598537
Santo Tomé,Corrientes,Argentina,None,/worldclock/@3428070,26.565249111313122,72.0,20.0,34.47,71,7,29.91,8,-28.5524101,-56.0452135
Sauce,Corrientes,Argentina,None,/worldclock/@3435327,41.53482097074567,65.5,25.0,38.54,69,7,29.97,9,-30.0860397,-58.7881101
Comandante Fontana,Formosa,Argentina,None,/worldclock/@3435283,2.64269872586286,73.0,20.0,22.07,74,9,29.88,8,-25.3323756,-59.68157619999999
El Colorado,Formosa,Argentina,None,/worldclock/@3434731,2.64269872586286,73.0,20.0,22.07,74,9,29.88,8,-26.3055199,-59.37129299999999
El Espinillo,Formosa,Argentina,None,/worldclock/@3434654,2.64269872586286,73.0,20.0,22.07,74,9,29.88,8,-24.9803469,-58.5518471
Estanislao del Campo,Formosa,Argentina,None,/worldclock/@3855763,2.64269872586286,73.0,20.0,22.07,74,9,29.88,8,-25.0534734,-60.09391590000001
Herradura,Formosa,Argentina,None,/worldclock/@3433567,2.64269872586286,73.0,20.0,22.07,74,9,29.88,8,-26.4886461,-58.3119583
Ibarreta,Formosa,Argentina,None,/worldclock/@3433513,2.64269872586286,73.0,20.0,22.07,74,9,29.88,8,-25.2147669,-59.8583343
Laguna Blanca,Formosa,Argentina,None,/worldclock/@3432475,2.64269872586286,73.0,20.0,22.07,74,9,29.88,8,-25.1266785,-58.24466529999999
Laguna Yema,Formosa,Argentina,None,/worldclock/@3850888,2.64269872586286,73.0,20.0,22.07,74,9,29.88,8,-24.2565169,-61.2419456
Las Lomitas,Formosa,Argentina,None,/worldclock/@3848164,2.64269872586286,73.0,20.0,22.07,74,9,29.88,8,-24.7011751,-60.59263259999999
Palo Santo,Formosa,Argentina,None,/worldclock/@3430186,2.64269872586286,73.0,20.0,22.07,74,9,29.88,8,-25.563371,-59.3345048
Pirané,Formosa,Argentina,None,/worldclock/@3429948,2.64269872586286,73.0,20.0,22.07,74,9,29.88,8,-25.737788,-59.1115501
Pozo del Tigre,Formosa,Argentina,None,/worldclock/@3840432,2.64269872586286,73.0,20.0,22.07,74,9,29.88,8,-24.8971267,-60.31805079999999
San Francisco de Laishí,Formosa,Argentina,None,/worldclock/@3429054,2.64269872586286,73.0,20.0,22.07,74,9,29.88,8,-26.2432112,-58.6316419
Abra Pampa,Jujuy,Argentina,None,/worldclock/@3867009,10.502622845491267,66.0,20.0,11.87,68,5,29.92,8,-22.7226738,-65.69698319999999
Arroyo Colorado,Jujuy,Argentina,None,/worldclock/@3865412,35.33844895206941,62.5,19.0,14.11,71,5,29.96,8,-24.3363469,-64.6637088
Caimancito,Jujuy,Argentina,None,/worldclock/@3863491,10.502622845491267,66.0,20.0,11.87,68,5,29.92,8,-23.7399249,-64.5915976
Calilegua,Jujuy,Argentina,None,/worldclock/@3863366,10.502622845491267,66.0,20.0,11.87,68,5,29.92,8,-23.7745621,-64.7700507
Caspalá,Jujuy,Argentina,None,/worldclock/@3862344,10.502622845491267,66.0,20.0,11.87,68,5,29.92,8,-23.31667,-65.13333
Cieneguillas,Jujuy,Argentina,None,/worldclock/@3861092,10.502622845491267,66.0,20.0,11.87,68,5,29.92,8,-22.1006819,-65.8672176
Colonia San José,Jujuy,Argentina,None,/worldclock/argentina/jujuy,10.502622845491267,66.0,20.0,11.87,68,5,29.92,8,-34.7699814,-58.3537522
Cusi Cusi,Jujuy,Argentina,None,/worldclock/@3859554,10.502622845491267,66.0,20.0,11.87,68,5,29.92,8,-22.3403988,-66.4930662
El Aguilar,Jujuy,Argentina,None,/worldclock/@3859000,10.502622845491267,66.0,20.0,11.87,68,5,29.92,8,-23.2,-65.7
El Ceibal,Jujuy,Argentina,None,/worldclock/@3858525,10.502622845491267,66.0,20.0,11.87,68,5,29.92,8,-24.3019837,-65.27941369999999
El Fuerte,Jujuy,Argentina,None,/worldclock/@3857984,35.33844895206941,62.5,19.0,14.11,71,5,29.96,8,-24.2610869,-64.41457369999999
El Moreno,Jujuy,Argentina,None,/worldclock/@3857547,10.502622845491267,66.0,20.0,11.87,68,5,29.92,8,-23.8537274,-65.8312155
El Piquete,Jujuy,Argentina,None,/worldclock/@3857230,10.502622845491267,66.0,20.0,11.87,68,5,29.92,8,-24.1786062,-64.67731839999999
Fraile Pintado,Jujuy,Argentina,None,/worldclock/@3855394,10.502622845491267,66.0,20.0,11.87,68,5,29.92,8,-23.9442066,-64.8031487
Huacalera,Jujuy,Argentina,None,/worldclock/@3854142,10.502622845491267,66.0,20.0,11.87,68,5,29.92,8,-23.4386716,-65.3505729
Humahuaca,Jujuy,Argentina,None,/worldclock/@3853966,10.502622845491267,66.0,20.0,11.87,68,5,29.92,8,-23.203963,-65.34860929999999
Juella,Jujuy,Argentina,None,/worldclock/@7576295,10.502622845491267,66.0,20.0,11.87,68,5,29.92,8,-23.5181646,-65.4066177
La Mendieta,Jujuy,Argentina,None,/worldclock/@3849924,10.502622845491267,66.0,20.0,11.87,68,5,29.92,8,-24.3142376,-64.9668756
La Quiaca,Jujuy,Argentina,None,/worldclock/@3849140,10.502622845491267,66.0,20.0,11.87,68,5,29.92,8,-22.1044031,-65.5967709
Libertador General San Martín,Jujuy,Argentina,None,/worldclock/argentina/jujuy,10.502622845491267,66.0,20.0,11.87,68,5,29.92,8,-23.8153322,-64.7928261
Los Lapachos,Jujuy,Argentina,None,/worldclock/@3846073,35.33844895206941,62.5,19.0,14.11,71,5,29.96,8,-24.4770514,-65.07696849999999
Maimará,Jujuy,Argentina,None,/worldclock/@3845254,10.502622845491267,66.0,20.0,11.87,68,5,29.92,8,-23.6245592,-65.4087255
Manantiales,Jujuy,Argentina,None,/worldclock/@3846029,35.33844895206941,62.5,19.0,14.11,71,5,29.96,8,-24.175716,-65.2972707
Miraflores,Jujuy,Argentina,None,/worldclock/@3844168,10.502622845491267,66.0,20.0,11.87,68,5,29.92,8,-22.86667,-65.80001
Oratorio,Jujuy,Argentina,None,/worldclock/@3842603,10.502622845491267,66.0,20.0,11.87,68,5,29.92,8,-22.0993053,-66.133927
Palma Sola,Jujuy,Argentina,None,/worldclock/@3842268,10.502622845491267,66.0,20.0,11.87,68,5,29.92,8,-23.9780561,-64.3050326
Pampa Blanca,Jujuy,Argentina,None,/worldclock/@3842161,35.33844895206941,62.5,19.0,14.11,71,5,29.96,8,-24.531123,-65.0771968
Pampichuela,Jujuy,Argentina,None,/worldclock/@3842081,10.502622845491267,66.0,20.0,11.87,68,5,29.92,8,-23.5548724,-65.008025
Perico,Jujuy,Argentina,None,/worldclock/@3841486,10.502622845491267,66.0,20.0,11.87,68,5,29.92,8,-24.3849622,-65.1208524
Mina Pirquitas,Jujuy,Argentina,None,/worldclock/@3844219,10.502622845491267,66.0,20.0,11.87,68,5,29.92,8,-22.695941,-66.4965957
Purmamarca,Jujuy,Argentina,None,/worldclock/@3839841,10.502622845491267,66.0,20.0,11.87,68,5,29.92,8,-23.7466359,-65.4992451
San Antonio,Jujuy,Argentina,None,/worldclock/argentina/jujuy,10.502622845491267,66.0,20.0,11.87,68,5,29.92,8,-24.3703416,-65.331836
San Antonio,Jujuy,Argentina,None,/worldclock/argentina/jujuy,10.502622845491267,66.0,20.0,11.87,68,5,29.92,8,-24.3703416,-65.331836
San Francisco,Jujuy,Argentina,None,/worldclock/argentina/jujuy,10.502622845491267,66.0,20.0,11.87,68,5,29.92,8,-31.4302135,-62.0749157
San Isidro,Jujuy,Argentina,None,/worldclock/argentina/jujuy,10.502622845491267,66.0,20.0,11.87,68,5,29.92,8,-34.4821636,-58.5035268
San Juancito,Jujuy,Argentina,None,/worldclock/argentina/jujuy,10.502622845491267,66.0,20.0,11.87,68,5,29.92,8,-24.3679232,-65.01570079999999
San Lucas,Jujuy,Argentina,None,/worldclock/argentina/jujuy,10.502622845491267,66.0,20.0,11.87,68,5,29.92,8,-23.53333,-65.08335
Santa Catalina,Jujuy,Argentina,None,/worldclock/@3836444,10.502622845491267,66.0,20.0,11.87,68,5,29.92,8,-21.9464467,-66.0514759
Tabladitas,Jujuy,Argentina,None,/worldclock/@3834876,10.502622845491267,66.0,20.0,11.87,68,5,29.92,8,-22.7461282,-65.6056929
Tilcara,Jujuy,Argentina,None,/worldclock/@3834402,10.502622845491267,66.0,20.0,11.87,68,5,29.92,8,-23.5768699,-65.3933739
Tres Cruces,Jujuy,Argentina,None,/worldclock/@3860530,10.502622845491267,66.0,20.0,11.87,68,5,29.92,8,-22.918229,-65.5875702
Tumbaya,Jujuy,Argentina,None,/worldclock/@3833548,10.502622845491267,66.0,20.0,11.87,68,5,29.92,8,-23.8577193,-65.46758559999999
Valle Colorado,Jujuy,Argentina,None,/worldclock/@3833227,10.502622845491267,66.0,20.0,11.87,68,5,29.92,8,-23.4,-65
Valle Grande,Jujuy,Argentina,None,/worldclock/@3833218,10.502622845491267,66.0,20.0,11.87,68,5,29.92,8,-23.4763509,-64.9467023
Vinalito,Jujuy,Argentina,None,/worldclock/@3832570,10.502622845491267,66.0,20.0,11.87,68,5,29.92,8,-23.6674603,-64.4130938
Yoscaba,Jujuy,Argentina,None,/worldclock/@3832220,10.502622845491267,66.0,20.0,11.87,68,5,29.92,8,-22.1662113,-66.0249688
Yuto,Jujuy,Argentina,None,/worldclock/@3832189,10.502622845491267,66.0,20.0,11.87,68,5,29.92,8,-23.6427652,-64.47189949999999
Caleufú,La Pampa,Argentina,None,/worldclock/@3863377,68.45368277721924,61.0,28.0,11.37,63,7,29.96,15,-35.5946338,-64.55865829999999
Catriló,La Pampa,Argentina,None,/worldclock/@3862251,68.45368277721924,61.0,28.0,11.37,63,7,29.96,15,-36.4067568,-63.4235461
Eduardo Castex,La Pampa,Argentina,None,/worldclock/@3859036,68.45368277721924,61.0,28.0,11.37,63,7,29.96,15,-35.9160166,-64.2956413
General Acha,La Pampa,Argentina,None,/worldclock/@3855143,68.45368277721924,61.0,28.0,11.37,63,7,29.96,15,-37.3687938,-64.59986719999999
General San Martín,La Pampa,Argentina,None,/worldclock/argentina/santa-rosa,68.45368277721924,61.0,28.0,11.37,63,7,29.96,15,-37.9788272,-63.6035347
Guatraché,La Pampa,Argentina,None,/worldclock/@3854492,68.45368277721924,61.0,28.0,11.37,63,7,29.96,15,-37.6700705,-63.5378092
Ingeniero Luiggi,La Pampa,Argentina,None,/worldclock/@3853783,68.45368277721924,61.0,28.0,11.37,63,7,29.96,15,-35.3888525,-64.4672404
Intendente Alvear,La Pampa,Argentina,None,/worldclock/@3853745,68.45368277721924,61.0,28.0,11.37,63,7,29.96,15,-35.2339031,-63.5928493
Miguel Riglos,La Pampa,Argentina,None,/worldclock/@3844267,68.45368277721924,61.0,28.0,11.37,63,7,29.96,15,-36.8564793,-63.6875814
Parera,La Pampa,Argentina,None,/worldclock/@3841936,68.45368277721924,61.0,28.0,11.37,63,7,29.96,15,-35.1473773,-64.50163839999999
Rancul,La Pampa,Argentina,None,/worldclock/@3839380,68.45368277721924,61.0,28.0,11.37,63,7,29.96,15,-35.067957,-64.68397139999999
Realicó,La Pampa,Argentina,None,/worldclock/@3839281,68.45368277721924,61.0,28.0,11.37,63,7,29.96,15,-35.0380173,-64.2465744
Santa Isabel,La Pampa,Argentina,None,/worldclock/argentina/santa-rosa,68.45368277721924,61.0,28.0,11.37,63,7,29.96,15,-36.2321043,-66.9404965
Toay,La Pampa,Argentina,None,/worldclock/@3834309,68.45368277721924,61.0,28.0,11.37,63,7,29.96,15,-36.674059,-64.3793694
Trenel,La Pampa,Argentina,None,/worldclock/@3833879,68.45368277721924,61.0,28.0,11.37,63,7,29.96,15,-35.6985981,-64.1341816
Victorica,La Pampa,Argentina,None,/worldclock/@3832923,68.45368277721924,61.0,28.0,11.37,63,7,29.96,15,-36.2165588,-65.43709319999999
Winifreda,La Pampa,Argentina,None,/worldclock/@3832388,68.45368277721924,61.0,28.0,11.37,63,7,29.96,15,-36.22476270000001,-64.2354515
Alpasinche,La Rioja,Argentina,None,/worldclock/@3866212,41.3598363837579,68.0,30.0,4.65,57,5,29.84,11,-28.3216613,-67.0537781
Banda Florida,La Rioja,Argentina,None,/worldclock/@3864849,41.3598363837579,68.0,30.0,4.65,57,5,29.84,11,-29.3021536,-68.2465191
Guandacol,La Rioja,Argentina,None,/worldclock/@3854535,41.3598363837579,68.0,30.0,4.65,57,5,29.84,11,-29.5249459,-68.5584709
Los Sarmientos,La Rioja,Argentina,None,/worldclock/@3845603,41.3598363837579,68.0,30.0,4.65,57,5,29.84,11,-29.1482938,-67.4872869
Machigasta,La Rioja,Argentina,None,/worldclock/@3845327,41.3598363837579,68.0,30.0,4.65,57,5,29.84,11,-29.1715003,-67.4431858
Milagro,La Rioja,Argentina,None,/worldclock/@3844383,41.3598363837579,68.0,30.0,4.65,57,5,29.84,11,-31.009339,-65.9922152
Nonogasta,La Rioja,Argentina,None,/worldclock/@3843006,41.3598363837579,68.0,30.0,4.65,57,5,29.84,11,-29.3009222,-67.50549769999999
Salicas,La Rioja,Argentina,None,/worldclock/@3838285,41.3598363837579,68.0,30.0,4.65,57,5,29.84,11,-28.3759532,-67.0707291
San Antonio,La Rioja,Argentina,None,/worldclock/argentina/la-rioja,41.3598363837579,68.0,30.0,4.65,57,5,29.84,11,-31.0842796,-66.7342413
San Miguel,La Rioja,Argentina,None,/worldclock/argentina/la-rioja,41.3598363837579,68.0,30.0,4.65,57,5,29.84,11,-29.1764086,-67.47811519999999
Schaqui,La Rioja,Argentina,None,/worldclock/@3835588,41.3598363837579,68.0,30.0,4.65,57,5,29.84,11,-28.4762024,-67.12890569999999
Suriyaco,La Rioja,Argentina,None,/worldclock/@3834899,41.3598363837579,68.0,30.0,4.65,57,5,29.84,11,-28.5462144,-67.1627579
Tuyubil,La Rioja,Argentina,None,/worldclock/@3833476,41.3598363837579,68.0,30.0,4.65,57,5,29.84,11,-28.5666695,-67.2166672
Vichigasta,La Rioja,Argentina,None,/worldclock/@3863170,41.3598363837579,68.0,30.0,4.65,57,5,29.84,11,-29.5011754,-67.50014610000001
Agrelo,Mendoza,Argentina,None,/worldclock/@3866905,73.96929284103898,63.5,31.0,1.88,53,5,29.9,8,-33.1194013,-68.8868944
Agua Escondida,Mendoza,Argentina,None,/worldclock/@3866617,73.96929284103898,63.5,31.0,1.88,53,5,29.9,8,-36.1547199,-68.3018811
Alto del Olvido,Mendoza,Argentina,None,/worldclock/@3866026,73.96929284103898,63.5,31.0,1.88,53,5,29.9,8,-32.6500015,-68.5500107
Alto Verde,Mendoza,Argentina,None,/worldclock/@3866015,73.96929284103898,63.5,31.0,1.88,53,5,29.9,8,-33.1543394,-68.35504829999999
Andrade,Mendoza,Argentina,None,/worldclock/@3865785,73.96929284103898,63.5,31.0,1.88,53,5,29.9,8,-33.1833305,-68.5166702
Bardas Blancas,Mendoza,Argentina,None,/worldclock/@3864770,73.96929284103898,63.5,31.0,1.88,53,5,29.9,8,-35.8685486,-69.8045988
Barrancas,Mendoza,Argentina,None,/worldclock/@3864730,73.96929284103898,63.5,31.0,1.88,53,5,29.9,8,-33.0999985,-68.7166672
Bowen,Mendoza,Argentina,None,/worldclock/@3863887,46.46315399604484,66.5,27.0,22.51,54,5,29.9,16,-34.9965468,-67.5097744
Cacheuta,Mendoza,Argentina,None,/worldclock/@3863561,73.96929284103898,63.5,31.0,1.88,53,5,29.9,8,-33.0268186,-69.11419529999999
Carmensa,Mendoza,Argentina,None,/worldclock/@3862579,46.46315399604484,66.5,27.0,22.51,54,5,29.9,16,-35.1465694,-67.6543231
Chacras de Coria,Mendoza,Argentina,None,/worldclock/@3861869,73.96929284103898,63.5,31.0,1.88,53,5,29.9,8,-32.9809081,-68.8769007
Chapanay,Mendoza,Argentina,None,/worldclock/@3861713,73.96929284103898,63.5,31.0,1.88,53,5,29.9,8,-32.9830323,-68.4662025
Chilecito,Mendoza,Argentina,None,/worldclock/@3861444,73.96929284103898,63.5,31.0,1.88,53,5,29.9,8,-33.8914573,-69.07130769999999
Costa de Araujo,Mendoza,Argentina,None,/worldclock/@3859956,73.96929284103898,63.5,31.0,1.88,53,5,29.9,8,-32.7582156,-68.40025229999999
Cruz de Piedra,Mendoza,Argentina,None,/worldclock/@3859821,73.96929284103898,63.5,31.0,1.88,53,5,29.9,8,-33.0315547,-68.77582790000001
Cuadro Nacional,Mendoza,Argentina,None,/worldclock/@3859788,73.96929284103898,63.5,31.0,1.88,53,5,29.9,8,-34.6179199,-68.2827911
Desaguadero,Mendoza,Argentina,None,/worldclock/@3859468,46.46315399604484,66.5,27.0,22.51,54,5,29.9,16,-33.4030367,-67.154862
El Central,Mendoza,Argentina,None,/worldclock/@3858508,73.96929284103898,63.5,31.0,1.88,53,5,29.9,8,-32.8429245,-68.3932451
El Nihuil,Mendoza,Argentina,None,/worldclock/@3857497,73.96929284103898,63.5,31.0,1.88,53,5,29.9,8,-35.02877640000001,-68.6725891
El Plumerillo,Mendoza,Argentina,None,/worldclock/@3857216,73.96929284103898,63.5,31.0,1.88,53,5,29.9,8,-32.8278642,-68.7984902
El Retamo,Mendoza,Argentina,None,/worldclock/@3856860,73.96929284103898,63.5,31.0,1.88,53,5,29.9,8,-32.4556473,-67.38097600000002
El Sosneado,Mendoza,Argentina,None,/worldclock/@3856581,73.96929284103898,63.5,31.0,1.88,53,5,29.9,8,-35.0794394,-69.5778661
Eugenio Bustos,Mendoza,Argentina,None,/worldclock/@3855715,73.96929284103898,63.5,31.0,1.88,53,5,29.9,8,-33.77897910000001,-69.06532779999999
General Alvear,Mendoza,Argentina,None,/worldclock/@3855136,46.46315399604484,66.5,27.0,22.51,54,5,29.9,16,-34.9779882,-67.6893858
Goudge,Mendoza,Argentina,None,/worldclock/@3854916,73.96929284103898,63.5,31.0,1.88,53,5,29.9,8,-34.6784451,-68.132708
Ingeniero Giagnoni,Mendoza,Argentina,None,/worldclock/@3853789,73.96929284103898,63.5,31.0,1.88,53,5,29.9,8,-33.1207993,-68.4073641
Ingeniero Gustavo André,Mendoza,Argentina,None,/worldclock/@3853787,73.96929284103898,63.5,31.0,1.88,53,5,29.9,8,-32.6795229,-68.3171022
Jaime Prats,Mendoza,Argentina,None,/worldclock/@3853567,46.46315399604484,66.5,27.0,22.51,54,5,29.9,16,-34.9117625,-67.8182391
Jocolí Viejo,Mendoza,Argentina,None,/worldclock/@3853489,73.96929284103898,63.5,31.0,1.88,53,5,29.9,8,-32.7017372,-68.6526696
La Arboleda,Mendoza,Argentina,None,/worldclock/@3852760,73.96929284103898,63.5,31.0,1.88,53,5,29.9,8,-33.3748798,-69.1144863
La Consulta,Mendoza,Argentina,None,/worldclock/@3851913,73.96929284103898,63.5,31.0,1.88,53,5,29.9,8,-33.7339291,-69.1199066
La Dormida,Mendoza,Argentina,None,/worldclock/@3851712,73.96929284103898,63.5,31.0,1.88,53,5,29.9,8,-33.3482337,-67.9143741
La Llave,Mendoza,Argentina,None,/worldclock/@3850343,73.96929284103898,63.5,31.0,1.88,53,5,29.9,8,-34.6422683,-68.0104896
La Pega,Mendoza,Argentina,None,/worldclock/@3841681,68.45368277721924,61.0,28.0,11.37,63,7,29.96,15,-32.7999992,-68.6666718
Las Catitas,Mendoza,Argentina,None,/worldclock/@3848611,73.96929284103898,63.5,31.0,1.88,53,5,29.9,8,-33.298202,-68.0474632
Las Compuertas,Mendoza,Argentina,None,/worldclock/@3848533,73.96929284103898,63.5,31.0,1.88,53,5,29.9,8,-33.0358959,-68.9730719
Las Cuevas,Mendoza,Argentina,None,/worldclock/@3848492,73.96929284103898,63.5,31.0,1.88,53,5,29.9,8,-32.8138985,-70.0501719
Las Paredes,Mendoza,Argentina,None,/worldclock/@3847935,73.96929284103898,63.5,31.0,1.88,53,5,29.9,8,-34.583333,-68.45
Los Charabones,Mendoza,Argentina,None,/worldclock/@3846291,73.96929284103898,63.5,31.0,1.88,53,5,29.9,8,-32.9936341,-68.2906785
Los Penitentes,Mendoza,Argentina,None,/worldclock/@3841547,73.96929284103898,63.5,31.0,1.88,53,5,29.9,8,-32.840199,-69.8414
Los Sauces,Mendoza,Argentina,None,/worldclock/@3845595,73.96929284103898,63.5,31.0,1.88,53,5,29.9,8,-33.5945533,-69.1755718
Medrano,Mendoza,Argentina,None,/worldclock/@3844473,73.96929284103898,63.5,31.0,1.88,53,5,29.9,8,-33.1775166,-68.6113055
Nueva California,Mendoza,Argentina,None,/worldclock/@3842923,73.96929284103898,63.5,31.0,1.88,53,5,29.9,8,-32.7490425,-68.3236783
Palmira,Mendoza,Argentina,None,/worldclock/@3842265,73.96929284103898,63.5,31.0,1.88,53,5,29.9,8,-33.0503912,-68.5610138
Pareditas,Mendoza,Argentina,None,/worldclock/@3841942,73.96929284103898,63.5,31.0,1.88,53,5,29.9,8,-33.9426032,-69.0785906
Perdriel,Mendoza,Argentina,None,/worldclock/@3841504,73.96929284103898,63.5,31.0,1.88,53,5,29.9,8,-33.0764292,-68.8868944
Piedras Blancas,Mendoza,Argentina,None,/worldclock/@3841176,73.96929284103898,63.5,31.0,1.88,53,5,29.9,8,-33.3259799,-69.16201029999999
Polvaredas,Mendoza,Argentina,None,/worldclock/@3840816,73.96929284103898,63.5,31.0,1.88,53,5,29.9,8,-32.7921453,-69.65082869999999
Potrerillos,Mendoza,Argentina,None,/worldclock/@3840677,73.96929284103898,63.5,31.0,1.88,53,5,29.9,8,-32.9507408,-69.2056274
Punta de Vacas,Mendoza,Argentina,None,/worldclock/@3839917,73.96929284103898,63.5,31.0,1.88,53,5,29.9,8,-32.8518689,-69.7585433
Punta del Agua,Mendoza,Argentina,None,/worldclock/@3839937,73.96929284103898,63.5,31.0,1.88,53,5,29.9,8,-35.5277106,-68.0786236
Real del Padre,Mendoza,Argentina,None,/worldclock/@3839287,46.46315399604484,66.5,27.0,22.51,54,5,29.9,16,-34.8373844,-67.7586177
Rivadavia,Mendoza,Argentina,None,/worldclock/@3838751,73.96929284103898,63.5,31.0,1.88,53,5,29.9,8,-33.1959908,-68.4661473
Rodeo del Medio,Mendoza,Argentina,None,/worldclock/@3838684,73.96929284103898,63.5,31.0,1.88,53,5,29.9,8,-32.9945801,-68.6858374
Russell,Mendoza,Argentina,None,/worldclock/@3838472,73.96929284103898,63.5,31.0,1.88,53,5,29.9,8,-33.0059163,-68.784416
Salto de las Rosas,Mendoza,Argentina,None,/worldclock/@3838214,73.96929284103898,63.5,31.0,1.88,53,5,29.9,8,-34.7252578,-68.231409
Tres de Mayo,Mendoza,Argentina,None,/worldclock/@3860704,73.96929284103898,63.5,31.0,1.88,53,5,29.9,8,-32.6666669,-68.61666699999999
Tres Esquinas,Mendoza,Argentina,None,/worldclock/@3833810,73.96929284103898,63.5,31.0,1.88,53,5,29.9,8,-33.83725250000001,-69.067081
Tres Esquinas,Mendoza,Argentina,None,/worldclock/@3833810,73.96929284103898,63.5,31.0,1.88,53,5,29.9,8,-33.83725250000001,-69.067081
Ugarteche,Mendoza,Argentina,None,/worldclock/@3833454,73.96929284103898,63.5,31.0,1.88,53,5,29.9,8,-33.2231933,-68.8938532
Uspallata,Mendoza,Argentina,None,/worldclock/@3855916,73.96929284103898,63.5,31.0,1.88,53,5,29.9,8,-32.5910827,-69.3478836
Villa Atuel,Mendoza,Argentina,None,/worldclock/@3832803,73.96929284103898,63.5,31.0,1.88,53,5,29.9,8,-34.8309203,-67.9240453
Vista Flores,Mendoza,Argentina,None,/worldclock/@3832512,73.96929284103898,63.5,31.0,1.88,53,5,29.9,8,-33.6509809,-69.1558647
Vistalba,Mendoza,Argentina,None,/worldclock/@3832509,73.96929284103898,63.5,31.0,1.88,53,5,29.9,8,-32.9083102,-68.8811642
9 de Julio,Misiones,Argentina,None,/worldclock/@9883524,26.565249111313122,72.0,20.0,34.47,71,7,29.91,8,-27.4867714,-55.12147179999999
Alba Posse,Misiones,Argentina,None,/worldclock/@3436448,26.565249111313122,72.0,20.0,34.47,71,7,29.91,8,-27.5689525,-54.6840079
Almafuerte,Misiones,Argentina,None,/worldclock/@3436398,26.565249111313122,72.0,20.0,34.47,71,7,29.91,8,-27.5082685,-55.40260989999999
Arroyo del Medio,Misiones,Argentina,None,/worldclock/@3436267,26.565249111313122,72.0,20.0,34.47,71,7,29.91,8,-27.6980936,-55.40413210000001
Azara,Misiones,Argentina,None,/worldclock/@3436205,26.565249111313122,72.0,20.0,34.47,71,7,29.91,8,-28.0624159,-55.676207
Bernardo de Irigoyen,Misiones,Argentina,None,/worldclock/@3436030,26.565249111313122,72.0,20.0,34.47,71,7,29.91,8,-26.25,-53.98333299999999
Bonpland,Misiones,Argentina,None,/worldclock/@3435989,26.565249111313122,72.0,20.0,34.47,71,7,29.91,8,-27.4835052,-55.4778921
Caá Yarí,Misiones,Argentina,None,/worldclock/@3435879,26.565249111313122,72.0,20.0,34.47,71,7,29.91,8,-27.4849013,-55.2988801
Campo Grande,Misiones,Argentina,None,/worldclock/@3435789,26.565249111313122,72.0,20.0,34.47,71,7,29.91,8,-27.206181,-54.97876789999999
Campo Viera,Misiones,Argentina,None,/worldclock/@3435750,26.565249111313122,72.0,20.0,34.47,71,7,29.91,8,-27.331099,-55.0541294
Candelaria,Misiones,Argentina,None,/worldclock/@3435734,26.565249111313122,72.0,20.0,34.47,71,7,29.91,8,-27.4617416,-55.7448645
Capioví,Misiones,Argentina,None,/worldclock/@3435701,26.565249111313122,72.0,20.0,34.47,71,7,29.91,8,-26.9322174,-55.05209379999999
Caraguataí,Misiones,Argentina,None,/worldclock/@3435679,26.565249111313122,72.0,20.0,34.47,71,7,29.91,8,-26.6574487,-54.73943149999999
Cerro Azul,Misiones,Argentina,None,/worldclock/@3435532,26.565249111313122,72.0,20.0,34.47,71,7,29.91,8,-27.6349423,-55.49706430000001
Cerro Corá,Misiones,Argentina,None,/worldclock/@3435250,26.565249111313122,72.0,20.0,34.47,71,7,29.91,8,-27.5112666,-55.6047461
Colonia Alberdi,Misiones,Argentina,None,/worldclock/@3436445,26.565249111313122,72.0,20.0,34.47,71,7,29.91,8,-27.3605446,-55.2316509
Colonia Aurora,Misiones,Argentina,None,/worldclock/@3435344,26.565249111313122,72.0,20.0,34.47,71,7,29.91,8,-27.4748469,-54.5237984
Colonia Helvecia,Misiones,Argentina,None,/worldclock/@3433577,26.565249111313122,72.0,20.0,34.47,71,7,29.91,8,-26.0499992,-54.63333129999999
Corpus,Misiones,Argentina,None,/worldclock/@3435230,26.565249111313122,72.0,20.0,34.47,71,7,29.91,8,-27.1295328,-55.51092490000001
Dos Arroyos,Misiones,Argentina,None,/worldclock/@3434997,26.565249111313122,72.0,20.0,34.47,71,7,29.91,8,-27.6995341,-55.25125019999999
Dos de Mayo,Misiones,Argentina,None,/worldclock/@3434995,26.565249111313122,72.0,20.0,34.47,71,7,29.91,8,-27.0362838,-54.6755593
El Soberbio,Misiones,Argentina,None,/worldclock/@3434291,26.565249111313122,72.0,20.0,34.47,71,7,29.91,8,-27.2965815,-54.19813929999999
Eldorado,Misiones,Argentina,None,/worldclock/@3434670,26.565249111313122,72.0,20.0,34.47,71,7,29.91,8,-26.3999195,-54.626812
Fachinal,Misiones,Argentina,None,/worldclock/@3433970,26.565249111313122,72.0,20.0,34.47,71,7,29.91,8,-27.6302482,-55.7038279
Florentino Ameghino,Misiones,Argentina,None,/worldclock/@3433919,26.565249111313122,72.0,20.0,34.47,71,7,29.91,8,-27.5666695,-55.13333129999999
Garuhapé,Misiones,Argentina,None,/worldclock/@3433839,26.565249111313122,72.0,20.0,34.47,71,7,29.91,8,-26.820361,-54.9562728
General Alvear,Misiones,Argentina,None,/worldclock/@3433820,26.565249111313122,72.0,20.0,34.47,71,7,29.91,8,-27.426356,-55.169621
Gobernador Lanusse,Misiones,Argentina,None,/worldclock/@3433749,26.565249111313122,72.0,20.0,34.47,71,7,29.91,8,-27.9825033,-55.5233997
Gobernador Roca,Misiones,Argentina,None,/worldclock/@3433743,26.565249111313122,72.0,20.0,34.47,71,7,29.91,8,-27.1839676,-55.4664803
Guaraní,Misiones,Argentina,None,/worldclock/@3433647,26.565249111313122,72.0,20.0,34.47,71,7,29.91,8,-27.5244073,-55.1601776
Itacaruaré,Misiones,Argentina,None,/worldclock/@3433440,26.565249111313122,72.0,20.0,34.47,71,7,29.91,8,-27.8697515,-55.2620987
Laharrague,Misiones,Argentina,None,/worldclock/@3429770,26.565249111313122,72.0,20.0,34.47,71,7,29.91,8,-26.510843,-54.761297
Leandro N. Alem,Misiones,Argentina,None,/worldclock/@3431390,26.565249111313122,72.0,20.0,34.47,71,7,29.91,8,-27.604435,-55.3238487
Loreto,Misiones,Argentina,None,/worldclock/@3431245,26.565249111313122,72.0,20.0,34.47,71,7,29.91,8,-27.3164789,-55.5346266
Los Helechos,Misiones,Argentina,None,/worldclock/@3431161,26.565249111313122,72.0,20.0,34.47,71,7,29.91,8,-27.5545593,-55.065774
Mbopicuá,Misiones,Argentina,None,/worldclock/@3435314,26.565249111313122,72.0,20.0,34.47,71,7,29.91,8,-26.8725357,-55.0562897
Montecarlo,Misiones,Argentina,None,/worldclock/@3430600,26.565249111313122,72.0,20.0,34.47,71,7,29.91,8,-26.5716167,-54.7413116
Panambí,Misiones,Argentina,None,/worldclock/@3430178,26.565249111313122,72.0,20.0,34.47,71,7,29.91,8,-27.7240711,-54.9150996
Profundidad,Misiones,Argentina,None,/worldclock/@3429846,26.565249111313122,72.0,20.0,34.47,71,7,29.91,8,-27.5616877,-55.7046304
Puerto Esperanza,Misiones,Argentina,None,/worldclock/@3429786,26.565249111313122,72.0,20.0,34.47,71,7,29.91,8,-26.0227203,-54.6125731
Puerto Iguazú,Misiones,Argentina,None,/worldclock/@3429777,26.565249111313122,72.0,20.0,34.47,71,7,29.91,8,-25.5971635,-54.578599
Puerto Leoni,Misiones,Argentina,None,/worldclock/@3429765,26.565249111313122,72.0,20.0,34.47,71,7,29.91,8,-26.9845059,-55.1648965
Puerto Libertad,Misiones,Argentina,None,/worldclock/@3429764,26.565249111313122,72.0,20.0,34.47,71,7,29.91,8,-25.9210525,-54.5839367
Puerto Mineral,Misiones,Argentina,None,/worldclock/@3429755,26.565249111313122,72.0,20.0,34.47,71,7,29.91,8,-26.9500008,-55.13333129999999
Puerto Pinares,Misiones,Argentina,None,/worldclock/@3429762,26.565249111313122,72.0,20.0,34.47,71,7,29.91,8,-26.416667,-54.683333
Puerto Piray,Misiones,Argentina,None,/worldclock/@3429738,26.565249111313122,72.0,20.0,34.47,71,7,29.91,8,-26.4686865,-54.7158799
Puerto Rico,Misiones,Argentina,None,/worldclock/@3429732,26.565249111313122,72.0,20.0,34.47,71,7,29.91,8,-26.8063572,-55.0240801
Ruiz de Montoya,Misiones,Argentina,None,/worldclock/@3429426,26.565249111313122,72.0,20.0,34.47,71,7,29.91,8,-26.9687669,-55.0529459
San Alberto,Misiones,Argentina,None,/worldclock/@3429331,26.565249111313122,72.0,20.0,34.47,71,7,29.91,8,-26.8111985,-54.98967260000001
San Ignacio,Misiones,Argentina,None,/worldclock/@3429014,26.565249111313122,72.0,20.0,34.47,71,7,29.91,8,-27.2575078,-55.53540479999999
San Javier,Misiones,Argentina,None,/worldclock/@3428974,26.565249111313122,72.0,20.0,34.47,71,7,29.91,8,-27.8663111,-55.1374743
Santa Ana,Misiones,Argentina,None,/worldclock/@3428455,26.565249111313122,72.0,20.0,34.47,71,7,29.91,8,-27.3692482,-55.58174469999999
Santa Rita,Misiones,Argentina,None,/worldclock/@3428198,26.565249111313122,72.0,20.0,34.47,71,7,29.91,8,-27.5230885,-54.7280385
Santo Pipó,Misiones,Argentina,None,/worldclock/@3428079,26.565249111313122,72.0,20.0,34.47,71,7,29.91,8,-27.1428724,-55.4104793
Tobuna,Misiones,Argentina,None,/worldclock/@3427724,26.565249111313122,72.0,20.0,34.47,71,7,29.91,8,-26.4708445,-53.8915175
Tres Capones,Misiones,Argentina,None,/worldclock/@3427659,26.565249111313122,72.0,20.0,34.47,71,7,29.91,8,-28.004236,-55.609493
Wanda,Misiones,Argentina,None,/worldclock/@3435290,26.565249111313122,72.0,20.0,34.47,71,7,29.91,8,-25.9729774,-54.5669261
Aguaray,Salta,Argentina,None,/worldclock/@3866572,10.502622845491267,66.0,20.0,11.87,68,5,29.92,8,-22.2432406,-63.7346423
Apolinario Saravia,Salta,Argentina,None,/worldclock/@3865605,35.33844895206941,62.5,19.0,14.11,71,5,29.96,8,-24.4355662,-63.99313979999999
Campo Quijano,Salta,Argentina,None,/worldclock/@3863050,35.33844895206941,62.5,19.0,14.11,71,5,29.96,8,-24.907204,-65.6441178
Cerrillos,Salta,Argentina,None,/worldclock/@3862086,35.33844895206941,62.5,19.0,14.11,71,5,29.96,8,-24.8958166,-65.4871162
Chicoana,Salta,Argentina,None,/worldclock/@3861494,35.33844895206941,62.5,19.0,14.11,71,5,29.96,8,-25.1029019,-65.5334079
Coronel Cornejo,Salta,Argentina,None,/worldclock/@3860202,10.502622845491267,66.0,20.0,11.87,68,5,29.92,8,-22.7366307,-63.8192172
Coronel Juan Solá,Salta,Argentina,None,/worldclock/@3860184,35.33844895206941,62.5,19.0,14.11,71,5,29.96,8,-23.4687639,-62.8875874
Coronel Moldes,Salta,Argentina,None,/worldclock/@3860179,35.33844895206941,62.5,19.0,14.11,71,5,29.96,8,-25.2804197,-65.47720799999999
El Bordo,Salta,Argentina,None,/worldclock/@3858749,35.33844895206941,62.5,19.0,14.11,71,5,29.96,8,-24.6625955,-65.10590719999999
El Carril,Salta,Argentina,None,/worldclock/@3858553,35.33844895206941,62.5,19.0,14.11,71,5,29.96,8,-25.0767821,-65.4887332
El Quebrachal,Salta,Argentina,None,/worldclock/@3857012,35.33844895206941,62.5,19.0,14.11,71,5,29.96,8,-25.3350177,-64.02030289999999
El Tabacal,Salta,Argentina,None,/worldclock/@3856569,10.502622845491267,66.0,20.0,11.87,68,5,29.92,8,-23.2551748,-64.24385459999999
El Tala,Salta,Argentina,None,/worldclock/@3856548,31.92025688296599,68.5,23.0,31.3,67,7,29.88,6,-26.1120577,-65.27687329999999
General Alvarado,Salta,Argentina,None,/worldclock/@3855141,35.33844895206941,62.5,19.0,14.11,71,5,29.96,8,-24.8405113,-65.4605026
General Mosconi,Salta,Argentina,None,/worldclock/@3855116,10.502622845491267,66.0,20.0,11.87,68,5,29.92,8,-22.5960958,-63.81158569999999
Las Lajitas,Salta,Argentina,None,/worldclock/@3848209,35.33844895206941,62.5,19.0,14.11,71,5,29.96,8,-24.7273378,-64.1956854
Pichanal,Salta,Argentina,None,/worldclock/@3841390,10.502622845491267,66.0,20.0,11.87,68,5,29.92,8,-23.3237056,-64.224542
Rosario de la Frontera,Salta,Argentina,None,/worldclock/@3838563,31.92025688296599,68.5,23.0,31.3,67,7,29.88,6,-25.7986507,-64.9676514
Rosario de Lerma,Salta,Argentina,None,/worldclock/@3838560,35.33844895206941,62.5,19.0,14.11,71,5,29.96,8,-24.9829102,-65.582901
San Antonio de los Cobres,Salta,Argentina,None,/worldclock/@3837986,10.502622845491267,66.0,20.0,11.87,68,5,29.92,8,-24.2191898,-66.3211702
Urundel,Salta,Argentina,None,/worldclock/@3833370,10.502622845491267,66.0,20.0,11.87,68,5,29.92,8,-23.5577752,-64.39721790000002
Caucete (San Juan),San Juan,Argentina,None,/worldclock/argentina/san-juan,74.41993807876088,64.5,35.0,0.47,47,8,29.89,9,-31.6541691,-68.2852783
Media Agua,San Juan,Argentina,None,/worldclock/@3832681,74.41993807876088,64.5,35.0,0.47,47,8,29.89,9,-31.9826679,-68.4288483
Villa San Agustín,San Juan,Argentina,None,/worldclock/argentina/san-juan,74.41993807876088,64.5,35.0,0.47,47,8,29.89,9,-30.6356066,-67.46610489999999
Los Berros,San Juan,Argentina,None,/worldclock/@3846414,74.41993807876088,64.5,35.0,0.47,47,8,29.89,9,-31.9526105,-68.6531693
Villa Basilio Nievas,San Juan,Argentina,None,/worldclock/@3832080,74.41993807876088,64.5,35.0,0.47,47,8,29.89,9,-31.5482087,-68.73189239999999
Rodeo,San Juan,Argentina,None,/worldclock/@3429466,26.565249111313122,72.0,20.0,34.47,71,7,29.91,8,-30.2136891,-69.1429418
Calingasta,San Juan,Argentina,None,/worldclock/@3863362,74.41993807876088,64.5,35.0,0.47,47,8,29.89,9,-31.336,-69.42
San Martín,San Juan,Argentina,None,/worldclock/argentina/san-juan,74.41993807876088,64.5,35.0,0.47,47,8,29.89,9,-31.5378744,-68.0954459
San Isidro,San Juan,Argentina,None,/worldclock/argentina/san-juan,74.41993807876088,64.5,35.0,0.47,47,8,29.89,9,-31.5294049,-68.54885879999999
Villa Mercedes,San Juan,Argentina,None,/worldclock/@3832679,74.41993807876088,64.5,35.0,0.47,47,8,29.89,9,-30.1522198,-68.6602783
Tupelí,San Juan,Argentina,None,/worldclock/@3838954,74.41993807876088,64.5,35.0,0.47,47,8,29.89,9,-31.53187999999999,-68.528848
Las Tapias,San Juan,Argentina,None,/worldclock/@3847772,74.41993807876088,64.5,35.0,0.47,47,8,29.89,9,-31.4505863,-68.6318359
Huaco,San Juan,Argentina,None,/worldclock/@3866088,74.41993807876088,64.5,35.0,0.47,47,8,29.89,9,-30.1563517,-68.4814772
Niquivil,San Juan,Argentina,None,/worldclock/@3843057,74.41993807876088,64.5,35.0,0.47,47,8,29.89,9,-30.4088481,-68.6911909
Villa Independencia,San Juan,Argentina,None,/worldclock/@3832716,74.41993807876088,64.5,35.0,0.47,47,8,29.89,9,-31.6336362,-68.2992727
Tudcum,San Juan,Argentina,None,/worldclock/@3833565,74.41993807876088,64.5,35.0,0.47,47,8,29.89,9,-30.1893797,-69.2731549
Astica,San Juan,Argentina,None,/worldclock/@3865302,74.41993807876088,64.5,35.0,0.47,47,8,29.89,9,-30.9320107,-67.3846512
Villa Dominguito,San Juan,Argentina,None,/worldclock/@3832755,74.41993807876088,64.5,35.0,0.47,47,8,29.89,9,-31.5599082,-68.2989001
Pie de Palo,San Juan,Argentina,None,/worldclock/@3841290,74.41993807876088,64.5,35.0,0.47,47,8,29.89,9,-31.6602431,-68.220247
Iglesia,San Juan,Argentina,None,/worldclock/@3853914,41.3598363837579,68.0,30.0,4.65,57,5,29.84,11,-30.4110099,-69.22376179999999
Divisadero,San Juan,Argentina,None,/worldclock/@3859313,74.41993807876088,64.5,35.0,0.47,47,8,29.89,9,-32.0031031,-68.69633329999999
Pedernal,San Juan,Argentina,None,/worldclock/@3841720,74.41993807876088,64.5,35.0,0.47,47,8,29.89,9,-31.9958958,-68.764945
Bermejo,San Juan,Argentina,None,/worldclock/@3864300,74.41993807876088,64.5,35.0,0.47,47,8,29.89,9,-31.5891748,-67.66026149999999
Bella Vista,San Juan,Argentina,None,/worldclock/@3864369,74.41993807876088,64.5,35.0,0.47,47,8,29.89,9,-30.4319327,-69.24552500000001
Las Lagunas,San Juan,Argentina,None,/worldclock/@3848241,74.41993807876088,64.5,35.0,0.47,47,8,29.89,9,-31.7786436,-63.8084305
Divisadero,San Juan,Argentina,None,/worldclock/@3859313,74.41993807876088,64.5,35.0,0.47,47,8,29.89,9,-32.0031031,-68.69633329999999
Vallecito,San Juan,Argentina,None,/worldclock/@3833233,74.41993807876088,64.5,35.0,0.47,47,8,29.89,9,-31.7387203,-67.9873879
Cienaguita,San Juan,Argentina,None,/worldclock/@3861096,74.41993807876088,64.5,35.0,0.47,47,8,29.89,9,-32.0761046,-68.6957058
Angualasto,San Juan,Argentina,None,/worldclock/@3865743,74.41993807876088,64.5,35.0,0.47,47,8,29.89,9,-30.0552993,-69.17419989999999
Usno,San Juan,Argentina,None,/worldclock/@3833361,74.41993807876088,64.5,35.0,0.47,47,8,29.89,9,-30.5663158,-67.540019
Pismanta,San Juan,Argentina,None,/worldclock/@3840964,74.41993807876088,64.5,35.0,0.47,47,8,29.89,9,-30.27723109999999,-69.2309071
San Isidro,San Juan,Argentina,None,/worldclock/argentina/san-juan,74.41993807876088,64.5,35.0,0.47,47,8,29.89,9,-31.5294049,-68.54885879999999
Chucuma,San Juan,Argentina,None,/worldclock/@3861228,74.41993807876088,64.5,35.0,0.47,47,8,29.89,9,-31.0692321,-67.2797815
Guanacache,San Juan,Argentina,None,/worldclock/@3854598,74.41993807876088,64.5,35.0,0.47,47,8,29.89,9,-32.0626944,-68.5895378
Mogna,San Juan,Argentina,None,/worldclock/@3844073,74.41993807876088,64.5,35.0,0.47,47,8,29.89,9,-30.695026,-68.3595649
Justo Daract,San Luis,Argentina,None,/worldclock/@3853330,46.46315399604484,66.5,27.0,22.51,54,5,29.9,16,-33.8582206,-65.1794895
Naschel,San Luis,Argentina,None,/worldclock/@3843407,46.46315399604484,66.5,27.0,22.51,54,5,29.9,16,-32.9167112,-65.37199060000002
Quines,San Luis,Argentina,None,/worldclock/@3864920,31.718904755473222,63.5,23.0,13.53,66,8,29.94,7,-32.2337053,-65.8055325
Tilisarao,San Luis,Argentina,None,/worldclock/@3834396,46.46315399604484,66.5,27.0,22.51,54,5,29.9,16,-32.7317276,-65.287796
Bajo Caracoles,Santa Cruz,Argentina,None,/worldclock/@3865028,68.55675589010244,45.0,22.0,8.32,71,16,29.88,13,-47.4436151,-70.9273284
Caleta Olivia,Santa Cruz,Argentina,None,/worldclock/@3863379,97.35730126897866,56.5,23.0,2.29,47,13,29.81,11,-46.4425647,-67.5171533
El Calafate,Santa Cruz,Argentina,None,/worldclock/argentina/el-calafate,78.44698062861625,46.0,22.0,4.52,64,15,29.65,11,-50.337969,-72.2647982
El Chaltén,Santa Cruz,Argentina,None,/worldclock/argentina/el-calafate,78.44698062861625,46.0,22.0,4.52,64,15,29.65,11,-49.3314941,-72.886325
Fitz Roy,Santa Cruz,Argentina,None,/worldclock/@3855544,97.35730126897866,56.5,23.0,2.29,47,13,29.81,11,-47.02592010000001,-67.2479594
Gobernador Gregores,Santa Cruz,Argentina,None,/worldclock/@3854981,78.44698062861625,46.0,22.0,4.52,64,15,29.65,11,-48.7509053,-70.24850169999999
Jaramillo,Santa Cruz,Argentina,None,/worldclock/@3853552,92.43855644022678,52.0,24.0,7.84,58,17,29.75,17,-47.18485680000001,-67.1425766
Las Heras,Santa Cruz,Argentina,None,/worldclock/@3848353,97.35730126897866,56.5,23.0,2.29,47,13,29.81,11,-46.53943169999999,-68.92992199999999
Los Antiguos,Santa Cruz,Argentina,None,/worldclock/@3846484,68.55675589010244,45.0,22.0,8.32,71,16,29.88,13,-46.548735,-71.6286831
Perito Moreno,Santa Cruz,Argentina,None,/worldclock/@3860781,78.44698062861625,46.0,22.0,4.52,64,15,29.65,11,-46.5912473,-70.92604709999999
Pico Truncado,Santa Cruz,Argentina,None,/worldclock/@3841308,97.35730126897866,56.5,23.0,2.29,47,13,29.81,11,-46.7965242,-67.9561153
Puerto Deseado,Santa Cruz,Argentina,None,/worldclock/argentina/puerto-deseado,92.43855644022678,52.0,24.0,7.84,58,17,29.75,17,-47.75156459999999,-65.9013773
Puerto San Julián,Santa Cruz,Argentina,None,/worldclock/argentina/puerto-deseado,92.43855644022678,52.0,24.0,7.84,58,17,29.75,17,-49.3068942,-67.7298249
Puerto Santa Cruz,Santa Cruz,Argentina,None,/worldclock/argentina/puerto-deseado,92.43855644022678,52.0,24.0,7.84,58,17,29.75,17,-50.0247276,-68.52438149999999
Río Gallegos,Santa Cruz,Argentina,None,/worldclock/argentina/rio-gallegos,78.44698062861625,46.0,22.0,4.52,64,15,29.65,11,-51.6230485,-69.2168291
Rospentek,Santa Cruz,Argentina,None,/worldclock/@3838545,78.44698062861625,46.0,22.0,4.52,64,15,29.65,11,-51.66328919999999,-72.1468296
Tellier,Santa Cruz,Argentina,None,/worldclock/@3834538,92.43855644022678,52.0,24.0,7.84,58,17,29.75,17,-47.6463837,-66.0412229
Tres Lagos,Santa Cruz,Argentina,None,/worldclock/@3833792,78.44698062861625,46.0,22.0,4.52,64,15,29.65,11,-49.5979166,-71.4464146
Acebal,Santa Fe,Argentina,None,/worldclock/@3866985,8.12954420004078,66.0,26.0,12.34,74,8,29.96,7,-33.2411006,-60.83700039999999
Alcorta,Santa Fe,Argentina,None,/worldclock/@3866402,8.12954420004078,66.0,26.0,12.34,74,8,29.96,7,-33.5389688,-61.124381
Alejandra,Santa Fe,Argentina,None,/worldclock/@3436415,8.12954420004078,66.0,26.0,12.34,74,8,29.96,7,-29.9085161,-59.8274768
Alvear,Santa Fe,Argentina,None,/worldclock/@3865981,8.12954420004078,66.0,26.0,12.34,74,8,29.96,7,-33.0574351,-60.61859889999999
Arequito,Santa Fe,Argentina,None,/worldclock/@3865485,8.12954420004078,66.0,26.0,12.34,74,8,29.96,7,-33.144756,-61.4695416
Armstrong,Santa Fe,Argentina,None,/worldclock/@3865449,8.12954420004078,66.0,26.0,12.34,74,8,29.96,7,-32.7828968,-61.6040831
Arroyo Seco,Santa Fe,Argentina,None,/worldclock/@3865385,8.12954420004078,66.0,26.0,12.34,74,8,29.96,7,-33.1564137,-60.51299059999999
Arteaga,Santa Fe,Argentina,None,/worldclock/@3865373,8.12954420004078,66.0,26.0,12.34,74,8,29.96,7,-33.0904115,-61.7914711
Avellaneda,Santa Fe,Argentina,None,/worldclock/@3436230,2.6522869224101506,70.5,21.0,19.82,75,6,29.91,7,-29.1174521,-59.65863410000001
Barrancas,Santa Fe,Argentina,None,/worldclock/@3864731,8.12954420004078,66.0,26.0,12.34,74,8,29.96,7,-32.2333843,-60.98291529999999
Berabevú,Santa Fe,Argentina,None,/worldclock/@3864307,8.12954420004078,66.0,26.0,12.34,74,8,29.96,7,-33.3401407,-61.8632966
Bigand,Santa Fe,Argentina,None,/worldclock/@3864251,8.12954420004078,66.0,26.0,12.34,74,8,29.96,7,-33.3723736,-61.1852951
Bombal,Santa Fe,Argentina,None,/worldclock/@3863980,8.12954420004078,66.0,26.0,12.34,74,8,29.96,7,-33.4569934,-61.319041
Calchaquí,Santa Fe,Argentina,None,/worldclock/@3863419,8.12954420004078,66.0,26.0,12.34,74,8,29.96,7,-29.8884523,-60.2840357
Carcarañá,Santa Fe,Argentina,None,/worldclock/@3862655,8.12954420004078,66.0,26.0,12.34,74,8,29.96,7,-32.8571864,-61.15781689999999
Carlos Pellegrini,Santa Fe,Argentina,None,/worldclock/@3862603,8.12954420004078,66.0,26.0,12.34,74,8,29.96,7,-32.0504446,-61.7828879
Casilda,Santa Fe,Argentina,None,/worldclock/@3862351,8.12954420004078,66.0,26.0,12.34,74,8,29.96,7,-33.044522,-61.1650211
Cayastá,Santa Fe,Argentina,None,/worldclock/@3862215,8.12954420004078,66.0,26.0,12.34,74,8,29.96,7,-31.1989074,-60.1597187
Centeno,Santa Fe,Argentina,None,/worldclock/@3862138,8.12954420004078,66.0,26.0,12.34,74,8,29.96,7,-32.2969128,-61.4104164
Ceres,Santa Fe,Argentina,None,/worldclock/@3862100,8.12954420004078,66.0,26.0,12.34,74,8,29.96,7,-29.8817186,-61.9460573
Chovet,Santa Fe,Argentina,None,/worldclock/@3861257,8.12954420004078,66.0,26.0,12.34,74,8,29.96,7,-33.6003559,-61.60795949999999
Coronda,Santa Fe,Argentina,None,/worldclock/@3860217,8.12954420004078,66.0,26.0,12.34,74,8,29.96,7,-31.9734931,-60.92060600000001
Correa,Santa Fe,Argentina,None,/worldclock/@3860059,8.12954420004078,66.0,26.0,12.34,74,8,29.96,7,-32.566667,-60.84999999999999
Elortondo,Santa Fe,Argentina,None,/worldclock/@3857431,8.12954420004078,66.0,26.0,12.34,74,8,29.96,7,-33.7011985,-61.61608889999999
Fighiera,Santa Fe,Argentina,None,/worldclock/@3855570,8.12954420004078,66.0,26.0,12.34,74,8,29.96,7,-33.1923016,-60.47044029999999
Firmat,Santa Fe,Argentina,None,/worldclock/@3855554,8.12954420004078,66.0,26.0,12.34,74,8,29.96,7,-33.4583964,-61.4862572
Florencia,Santa Fe,Argentina,None,/worldclock/@3433925,2.6522869224101506,70.5,21.0,19.82,75,6,29.91,7,-28.0409135,-59.22190519999999
Franck,Santa Fe,Argentina,None,/worldclock/@3855377,8.12954420004078,66.0,26.0,12.34,74,8,29.96,7,-31.5872033,-60.9383524
Fuentes,Santa Fe,Argentina,None,/worldclock/@3855322,8.12954420004078,66.0,26.0,12.34,74,8,29.96,7,-33.1726215,-61.073268
General Lagos,Santa Fe,Argentina,None,/worldclock/@3855105,8.12954420004078,66.0,26.0,12.34,74,8,29.96,7,-33.110462,-60.5647017
Gobernador Crespo,Santa Fe,Argentina,None,/worldclock/@3854987,8.12954420004078,66.0,26.0,12.34,74,8,29.96,7,-30.3620638,-60.4020713
Helvecia,Santa Fe,Argentina,None,/worldclock/@3854360,8.12954420004078,66.0,26.0,12.34,74,8,29.96,7,-31.1021163,-60.0873538
Hersilia,Santa Fe,Argentina,None,/worldclock/@3854318,8.12954420004078,66.0,26.0,12.34,74,8,29.96,7,-30.00331559999999,-61.8375698
Hughes,Santa Fe,Argentina,None,/worldclock/@3853994,8.12954420004078,66.0,26.0,12.34,74,8,29.96,7,-33.8014692,-61.3346764
Humboldt,Santa Fe,Argentina,None,/worldclock/@3853958,8.12954420004078,66.0,26.0,12.34,74,8,29.96,7,-31.3990364,-61.0818911
Ibarlucea,Santa Fe,Argentina,None,/worldclock/@3853938,8.12954420004078,66.0,26.0,12.34,74,8,29.96,7,-32.85192790000001,-60.78557509999999
La Gallareta,Santa Fe,Argentina,None,/worldclock/@3851162,8.12954420004078,66.0,26.0,12.34,74,8,29.96,7,-29.5838171,-60.3760434
Laguna Paiva,Santa Fe,Argentina,None,/worldclock/@3850920,8.12954420004078,66.0,26.0,12.34,74,8,29.96,7,-31.182195,-60.394329
Las Parejas,Santa Fe,Argentina,None,/worldclock/@3847933,8.12954420004078,66.0,26.0,12.34,74,8,29.96,7,-32.6813791,-61.5264646
Las Rosas,Santa Fe,Argentina,None,/worldclock/@3847836,8.12954420004078,66.0,26.0,12.34,74,8,29.96,7,-32.4751189,-61.5766664
Las Toscas,Santa Fe,Argentina,None,/worldclock/@3431606,2.6522869224101506,70.5,21.0,19.82,75,6,29.91,7,-28.3543593,-59.260009
Lehmann,Santa Fe,Argentina,None,/worldclock/@3847081,8.12954420004078,66.0,26.0,12.34,74,8,29.96,7,-31.1240392,-61.4520983
Llambi Campbell,Santa Fe,Argentina,None,/worldclock/@3846796,8.12954420004078,66.0,26.0,12.34,74,8,29.96,7,-31.1830509,-60.74749069999999
Los Quirquinchos,Santa Fe,Argentina,None,/worldclock/@3845666,8.12954420004078,66.0,26.0,12.34,74,8,29.96,7,-33.3751295,-61.71150489999999
Maciel,Santa Fe,Argentina,None,/worldclock/@3845310,8.12954420004078,66.0,26.0,12.34,74,8,29.96,7,-32.4567,-60.8876992
Malabrigo,Santa Fe,Argentina,None,/worldclock/@3430934,2.6522869224101506,70.5,21.0,19.82,75,6,29.91,7,-29.3489242,-59.97006819999999
Melincué,Santa Fe,Argentina,None,/worldclock/@3844459,8.12954420004078,66.0,26.0,12.34,74,8,29.96,7,-33.6592848,-61.457823
Monte Vera,Santa Fe,Argentina,None,/worldclock/@3843788,8.12954420004078,66.0,26.0,12.34,74,8,29.96,7,-31.515255,-60.67346190000001
Montes de Oca,Santa Fe,Argentina,None,/worldclock/@3843798,8.12954420004078,66.0,26.0,12.34,74,8,29.96,7,-32.5661289,-61.76994349999999
Nelson,Santa Fe,Argentina,None,/worldclock/@3843135,8.12954420004078,66.0,26.0,12.34,74,8,29.96,7,-31.2657973,-60.76133059999999
Oliveros,Santa Fe,Argentina,None,/worldclock/@3842653,8.12954420004078,66.0,26.0,12.34,74,8,29.96,7,-32.5746765,-60.8499985
Peyrano,Santa Fe,Argentina,None,/worldclock/@3841426,8.12954420004078,66.0,26.0,12.34,74,8,29.96,7,-33.538643,-60.8007103
Piamonte,Santa Fe,Argentina,None,/worldclock/@3842895,8.12954420004078,66.0,26.0,12.34,74,8,29.96,7,-32.1433052,-61.9809975
Pilar,Santa Fe,Argentina,None,/worldclock/@3857248,8.12954420004078,66.0,26.0,12.34,74,8,29.96,7,-31.4404029,-61.2596314
Pujato,Santa Fe,Argentina,None,/worldclock/@3840028,8.12954420004078,66.0,26.0,12.34,74,8,29.96,7,-33.0181915,-61.04374489999999
Ricardone,Santa Fe,Argentina,None,/worldclock/@3839061,8.12954420004078,66.0,26.0,12.34,74,8,29.96,7,-32.7728842,-60.7850951
Rivadavia,Santa Fe,Argentina,None,/worldclock/@3838756,8.12954420004078,66.0,26.0,12.34,74,8,29.96,7,-31.642731,-60.7031525
Romang,Santa Fe,Argentina,None,/worldclock/@3430386,2.6522869224101506,70.5,21.0,19.82,75,6,29.91,7,-29.49964899999999,-59.75234990000001
Rufino,Santa Fe,Argentina,None,/worldclock/@3838506,35.666844683813586,61.5,25.0,16.32,72,8,29.96,7,-34.2632375,-62.71282799999999
San Antonio de Obligado,Santa Fe,Argentina,None,/worldclock/@3429245,2.6522869224101506,70.5,21.0,19.82,75,6,29.91,7,-28.3826027,-59.2638133
San Carlos Centro,Santa Fe,Argentina,None,/worldclock/argentina/rosario,8.12954420004078,66.0,26.0,12.34,74,8,29.96,7,-31.7259773,-61.09137699999999
San Carlos Sud,Santa Fe,Argentina,None,/worldclock/argentina/rosario,8.12954420004078,66.0,26.0,12.34,74,8,29.96,7,-31.7259773,-61.09137699999999
San Genaro,Santa Fe,Argentina,None,/worldclock/argentina/rosario,8.12954420004078,66.0,26.0,12.34,74,8,29.96,7,-32.3711039,-61.35935569999999
San Genaro Norte,Santa Fe,Argentina,None,/worldclock/argentina/rosario,8.12954420004078,66.0,26.0,12.34,74,8,29.96,7,-32.3634576,-61.3417718
San Gregorio,Santa Fe,Argentina,None,/worldclock/argentina/rosario,8.12954420004078,66.0,26.0,12.34,74,8,29.96,7,-34.3253166,-62.0358519
San Guillermo,Santa Fe,Argentina,None,/worldclock/argentina/rosario,8.12954420004078,66.0,26.0,12.34,74,8,29.96,7,-30.35908,-61.91688539999999
San Javier,Santa Fe,Argentina,None,/worldclock/argentina/rosario,8.12954420004078,66.0,26.0,12.34,74,8,29.96,7,-30.5795582,-59.93030820000001
San Jerónimo Norte,Santa Fe,Argentina,None,/worldclock/argentina/rosario,8.12954420004078,66.0,26.0,12.34,74,8,29.96,7,-31.5527338,-61.077921
San Jerónimo Sud,Santa Fe,Argentina,None,/worldclock/argentina/rosario,8.12954420004078,66.0,26.0,12.34,74,8,29.96,7,-32.8803559,-61.0272074
San Jorge,Santa Fe,Argentina,None,/worldclock/argentina/rosario,8.12954420004078,66.0,26.0,12.34,74,8,29.96,7,-31.89708229999999,-61.8598807
San José de la Esquina,Santa Fe,Argentina,None,/worldclock/@3837238,8.12954420004078,66.0,26.0,12.34,74,8,29.96,7,-33.1130905,-61.7021942
San Justo,Santa Fe,Argentina,None,/worldclock/argentina/rosario,8.12954420004078,66.0,26.0,12.34,74,8,29.96,7,-30.78939009999999,-60.59351649999999
San Vicente,Santa Fe,Argentina,None,/worldclock/argentina/rosario,8.12954420004078,66.0,26.0,12.34,74,8,29.96,7,-31.6981699,-61.5672378
Sancti Spiritu,Santa Fe,Argentina,None,/worldclock/@3837816,35.666844683813586,61.5,25.0,16.32,72,8,29.96,7,-34.0088891,-62.24200279999999
Santa Clara de Buena Vista,Santa Fe,Argentina,None,/worldclock/@3836376,8.12954420004078,66.0,26.0,12.34,74,8,29.96,7,-31.7633235,-61.3174693
Santa Clara de Saguier,Santa Fe,Argentina,None,/worldclock/@3836375,8.12954420004078,66.0,26.0,12.34,74,8,29.96,7,-31.3385039,-61.81866590000001
Santa Emilia,Santa Fe,Argentina,None,/worldclock/argentina/rosario,8.12954420004078,66.0,26.0,12.34,74,8,29.96,7,-33.831339,-61.4936048
Santa Isabel,Santa Fe,Argentina,None,/worldclock/argentina/rosario,8.12954420004078,66.0,26.0,12.34,74,8,29.96,7,-33.8886154,-61.69450570000001
Santa María Norte,Santa Fe,Argentina,None,/worldclock/argentina/rosario,8.12954420004078,66.0,26.0,12.34,74,8,29.96,7,-31.5019423,-61.13709319999999
Santa Teresa,Santa Fe,Argentina,None,/worldclock/argentina/rosario,8.12954420004078,66.0,26.0,12.34,74,8,29.96,7,-33.4374279,-60.79098939999999
Serodino,Santa Fe,Argentina,None,/worldclock/@3835354,8.12954420004078,66.0,26.0,12.34,74,8,29.96,7,-32.6055713,-60.948384
Soutomayor,Santa Fe,Argentina,None,/worldclock/@3835052,8.12954420004078,66.0,26.0,12.34,74,8,29.96,7,-30.9362798,-61.1655373
Suardi,Santa Fe,Argentina,None,/worldclock/@3835021,8.12954420004078,66.0,26.0,12.34,74,8,29.96,7,-30.5344101,-61.96089910000001
Sunchales,Santa Fe,Argentina,None,/worldclock/@3834971,8.12954420004078,66.0,26.0,12.34,74,8,29.96,7,-30.9451714,-61.5607353
Tacuarendí,Santa Fe,Argentina,None,/worldclock/@3427877,2.6522869224101506,70.5,21.0,19.82,75,6,29.91,7,-28.4134989,-59.2606353
Teodelina,Santa Fe,Argentina,None,/worldclock/@3834513,35.666844683813586,61.5,25.0,16.32,72,8,29.96,7,-34.1862776,-61.5285506
Tortugas,Santa Fe,Argentina,None,/worldclock/@3834080,8.12954420004078,66.0,26.0,12.34,74,8,29.96,7,-32.745267,-61.8205509
Tostado,Santa Fe,Argentina,None,/worldclock/@3834048,8.12954420004078,66.0,26.0,12.34,74,8,29.96,7,-29.229162,-61.7717196
Totoras,Santa Fe,Argentina,None,/worldclock/@3833995,8.12954420004078,66.0,26.0,12.34,74,8,29.96,7,-32.5834789,-61.167371
Videla,Santa Fe,Argentina,None,/worldclock/@3832903,8.12954420004078,66.0,26.0,12.34,74,8,29.96,7,-30.9450885,-60.65441439999999
Villa Guillermina,Santa Fe,Argentina,None,/worldclock/@3427422,2.6522869224101506,70.5,21.0,19.82,75,6,29.91,7,-28.2437979,-59.45332209999999
Villa Minetti,Santa Fe,Argentina,None,/worldclock/@3832676,38.22209906366227,68.0,26.0,8.45,63,6,29.88,10,-28.6225216,-61.6250282
Villa Mugueta,Santa Fe,Argentina,None,/worldclock/@3832669,8.12954420004078,66.0,26.0,12.34,74,8,29.96,7,-33.311791,-61.0549512
Villa Ocampo,Santa Fe,Argentina,None,/worldclock/@3427388,2.6522869224101506,70.5,21.0,19.82,75,6,29.91,7,-28.4862435,-59.35542470000001
Villa Trinidad,Santa Fe,Argentina,None,/worldclock/@3832608,8.12954420004078,66.0,26.0,12.34,74,8,29.96,7,-30.2149601,-61.87525179999999
Wheelwright,Santa Fe,Argentina,None,/worldclock/@3832397,8.12954420004078,66.0,26.0,12.34,74,8,29.96,7,-33.792328,-61.21165190000001
Zavalla,Santa Fe,Argentina,None,/worldclock/@3832098,8.12954420004078,66.0,26.0,12.34,74,8,29.96,7,-33.01896869999999,-60.8830081
